{
    "Datas": [
        {
            "m00": -0.4406678378582001,
            "m10": 0.40333831310272219,
            "m20": 0.8019538521766663,
            "m30": 0.0,
            "m01": 0.403338223695755,
            "m11": 0.8870789408683777,
            "m21": -0.22451996803283692,
            "m31": 0.0,
            "m02": -0.8019537329673767,
            "m12": 0.22451992332935334,
            "m22": -0.5535889863967896,
            "m32": 0.0,
            "m03": -7.204360008239746,
            "m13": 6.798381328582764,
            "m23": 28.597129821777345,
            "m33": 1.0
        },
        {
            "m00": 0.48624667525291445,
            "m10": 0.39444223046302798,
            "m20": 0.779730498790741,
            "m30": 0.0,
            "m01": 0.3944421708583832,
            "m11": 0.6971608996391296,
            "m21": -0.5986502170562744,
            "m31": 0.0,
            "m02": -0.7797304391860962,
            "m12": 0.5986501574516296,
            "m22": 0.1834074705839157,
            "m32": 0.0,
            "m03": 20.11896324157715,
            "m13": 45.61712646484375,
            "m23": -34.33517074584961,
            "m33": 1.0
        }
    ]
}